ID,Name,Age
1,Willie Johnson,26
2,Veronica Reyes,24
3,Craig Mitchell,29
4,Amber Fisher,29
5,Frank Davis,25
6,Lori Davis,27
7,Kimberly Brennan,29
8,Diane Hunter,20
9,Sandra Stout,18
10,Carrie Gonzalez,23
11,Robert Salazar DDS,30
12,Michael Robinson,27
13,Chris Christian,25
14,Joyce Lopez,21
15,Vickie Russell,25
16,Diana Acosta,22
17,Catherine Garcia,18
18,Rachel Craig,23
19,Albert Gilbert,29
20,Jasmin Wiggins,29
21,Catherine Jones,26
22,Thomas Davis,20
23,David Conley,28
24,Justin Thompson,19
25,Brett Jackson,26
26,Nathan Wilson,26
27,Christine Johnson,27
28,Devin Rhodes,21
29,Susan Little,25
30,Kevin Smith,20
31,Brenda Sanchez,26
32,Jessica Fischer,20
33,Robert Stevens,22
34,Adam Ramsey,25
35,Joshua Smith,29
36,Michael Byrd,25
37,Valerie Ellis,18
38,Cory Blake,22
39,Michael Russo,19
40,Brianna Jones,27
41,Sean Simon,23
42,Sharon Roberts,18
43,Tiffany Rogers DDS,30
44,David Nolan,27
45,Brianna Martin,28
46,Martha Norman,22
47,Amanda Johnson,21
48,Robert Hicks,25
49,Mary James,30
50,Samantha Taylor,18
51,Mary Stewart,20
52,John Moore,19
53,Shawn Haney,25
54,Tiffany Moore,21
55,Victoria Joseph,29
56,Victoria Leonard,19
57,Jeffrey Snyder,24
58,Dawn Arnold,22
59,Julie Ross,30
60,Mark Reynolds,18
61,Jennifer Young,24
62,Tammy Smith DVM,28
63,Lisa Gardner,19
64,Robert Lewis,30
65,David Haynes,28
66,Elizabeth Anderson,30
67,Alexandra Johnson,22
68,Donna Dixon,23
69,Jennifer Calhoun,25
70,Joseph Green,18
71,Christopher Harding,20
72,Danielle Wolf,27
73,Noah Thomas,27
74,Julie Good,20
75,Jillian Thomas,19
76,Jorge Mora,19
77,Donna Hill,23
78,Mr. Bryan Mitchell,27
79,Olivia Vasquez,21
80,Joshua Williams,25
81,Alexis Mcpherson,25
82,Richard Smith,21
83,Brittney Bond,30
84,Samantha Martinez,29
85,Sean Brock,22
86,Marvin Short,30
87,Tamara Long,21
88,Janet Rogers,24
89,Joseph Murphy,27
90,Dale Bradley,26
91,Brian Klein,29
92,Glenn Gardner,21
93,Chad Sawyer,28
94,Erin Gonzalez,26
95,Christian Lewis,29
96,Christopher Gibbs,20
97,Shelby Anderson,28
98,Laura Graham,28
99,Michelle Mclean,20
100,Kenneth Williams,26
101,Ashley Arellano,20
102,Timothy Logan,24
103,Thomas Lee,23
104,Stephanie Pearson,29
105,Amanda Adams DVM,29
106,Shane Lopez,26
107,Kimberly Collins,22
108,Jesse Little,23
109,John Harris,21
110,Thomas Hernandez,20
111,Jessica Benson,23
112,Brandon Chavez,28
113,Kenneth Harris,29
114,Kerri Salazar,23
115,David Reed,20
116,Frank Mccall,28
117,Angela Patterson,30
118,Maria Johnson DDS,21
119,Michael Harper,19
120,James Duffy,25
121,Richard Wilson,28
122,Kim Anderson,22
123,Jason Padilla,21
124,William Chen,19
125,Kara Wilkinson,29
126,Scott Davis,22
127,Rachel Moran,19
128,William Ruiz,24
129,Robin Smith,27
130,Maxwell Hernandez,28
131,Ana Wise,29
132,Rebecca Taylor,25
133,Taylor Anderson,23
134,Jane Aguilar,30
135,Jonathan White,21
136,Nicole Oconnor,30
137,Marco Rivera,24
138,Lisa Carlson,19
139,Casey Dyer,21
140,Charles Barber,30
141,Vincent Foster,30
142,Robert Gibson,27
143,Lisa Jones,21
144,Brian Reeves,22
145,Diana Diaz,19
146,Dana Mcdonald,18
147,Jessica Miller,29
148,Julie Hughes,30
149,Stephanie Lewis,23
150,Amy Peterson,26
151,Matthew Snyder,23
152,Morgan Roth,19
153,David Yang,23
154,Kristen Diaz,25
155,Ms. Sarah Hernandez,25
156,Jonathan Pineda,23
157,Danielle Richardson,29
158,Paula White,26
159,Debra Farley,27
160,Mitchell Cross,22
161,David Marshall,22
162,Brady Simmons,19
163,Autumn Cisneros,22
164,Daniel Dorsey,30
165,Crystal Cummings,20
166,Brittany Mccoy,18
167,Rebecca Richard,20
168,Corey Mccoy,18
169,Edwin Owens,27
170,Matthew Aguilar,26
171,Michael Phillips,29
172,Derek Smith,28
173,Rhonda Sanders,18
174,Sandra Cooper,23
175,Julia Mitchell,25
176,Kristina Walker,29
177,Miranda Jacobs,24
178,Shannon Gilbert,25
179,Ricky Young,22
180,David Myers,30
181,Riley Thomas,23
182,Brooke Drake,22
183,Stephanie Hicks,27
184,Michelle Rowland,18
185,Ruth Wright,29
186,Veronica Ford,18
187,David Harris,23
188,Caitlin Bowen,26
189,Samuel Simon,27
190,John Mitchell,19
191,Andrew Rodriguez,22
192,Lisa Chen,23
193,Patricia Good,24
194,Jason Aguilar,22
195,William Washington,19
196,Amy Williams,25
197,Robert Robinson,26
198,Robert Garrett MD,30
199,Jeremy Jones,19
200,Nathan Smith,27
201,Scott Hull,21
202,Fernando Miller,27
203,Deborah Stevenson,24
204,Brian Stanley,24
205,Linda Schmidt,30
206,Lauren Richards,29
207,Michael Ward,29
208,George Roberts DDS,23
209,Linda Thomas,22
210,Sheri Thomas,27
211,Catherine Patel,26
212,Melanie Boyd,23
213,Robyn Butler,23
214,Amanda Barrett,29
215,Melissa Maldonado,22
216,John Johnston,18
217,Deanna Porter,25
218,Ashley Guzman,24
219,Brian Torres,28
220,Cassandra Willis,18
221,Elizabeth Farrell,27
222,Andrea Baker,27
223,Jeffery Harper,30
224,Sara Mullen,21
225,Robert Gomez,21
226,Kayla Shah,26
227,Breanna Garcia,30
228,Scott Short,18
229,Steven Roberts,30
230,Robert Glass,18
231,Dr. Timothy Washington,22
232,Tonya Howell,24
233,Jacob Atkins,21
234,Christopher Montgomery,24
235,Katie Nunez,29
236,Michael Moore,30
237,Kimberly Matthews,25
238,Ryan Allen,19
239,Mr. Thomas Thompson,22
240,Jessica Chan,18
241,Aaron Crawford,21
242,Amanda Williams DDS,29
243,Tonya Clark,25
244,Jessica Mcbride,30
245,Scott Brown,23
246,Rebecca Foster,27
247,Rachael Bryant,28
248,Dr. Morgan Clark,30
249,Tammy Moore,19
250,Heather Harrison,27
251,David Smith,19
252,Patricia Richard,27
253,Timothy Braun,27
254,Pamela Casey,27
255,Brett Short,27
256,Janice Haney,22
257,Jennifer Medina,24
258,Adrian Thompson DDS,29
259,Mr. Jared Martinez,29
260,Kyle Harrington,21
261,Joseph Jordan,22
262,Jennifer Ayala,30
263,Tonya Hodge,20
264,Lauren Butler,22
265,Jeffrey Zamora,24
266,Heather Lambert,29
267,Jennifer Kaufman,26
268,Tracy Williams MD,25
269,Frank Melton,24
270,Aaron Lyons,19
271,Tina Mills,23
272,Patricia Weaver,25
273,Nancy Hale,20
274,Jordan Gomez,26
275,Valerie David MD,20
276,Jennifer Dougherty,23
277,Janet Kelly,23
278,Sharon Smith,29
279,Craig Diaz,22
280,Mark Moss III,19
281,Charles Martin,20
282,Crystal Graham,29
283,Debra Patel,28
284,Danielle Payne,26
285,Timothy Jackson,29
286,Christopher Potts,20
287,Tony Stephens,28
288,Sydney Hamilton,21
289,Sue Weaver,28
290,Jonathan George,25
291,Sabrina Johnson,27
292,Richard Jones,22
293,Connie Davis,20
294,Michelle Morris,28
295,Jesse Daniels,30
296,Amy Ruiz,27
297,Jared Hernandez,22
298,Justin Branch,19
299,Lisa Avila,24
300,Nathan Bennett,21
301,Joseph Scott,22
302,Jennifer Robinson,27
303,Paula Smith,28
304,Cheryl Perry,19
305,Derrick Barr,28
306,Ashley Davis,20
307,Lawrence Thomas,19
308,Stephen Craig,26
309,Isabella Phillips,22
310,Danielle Downs,23
311,Elizabeth Gates,21
312,Samantha Garza,25
313,Jared Barron,23
314,Ashley Stone,26
315,Tyrone Wright,28
316,Carol Banks,21
317,Christian Johnson,19
318,Cheryl Baker,18
319,Danielle Cobb,25
320,Shawn Jones,22
321,Kaylee Moreno,24
322,Mr. Sean Flores,28
323,Taylor Nelson,25
324,Steven Hines,22
325,Jesus Graves,27
326,John Young,30
327,Katrina Martinez,30
328,Rose Richards,22
329,Joanne Hale,19
330,Tiffany Sanchez,23
331,Gregory Glass,20
332,Audrey Cooper,22
333,Emily Black,21
334,Robert Martin,21
335,Randy Garcia,25
336,Theresa Perez,25
337,Scott Faulkner,19
338,Elaine King,26
339,Pamela Hubbard,30
340,Leah Porter,26
341,Anthony Washington MD,20
342,John Gomez,24
343,Andrea Green,18
344,Amber Stephens,19
345,Mrs. Pamela Klein,26
346,Melissa Pope,18
347,Mrs. Kari Aguilar,24
348,Bruce King,20
349,Lawrence Middleton,23
350,Curtis Brown,22
351,Carl Walsh,22
352,Jeffrey Green,29
353,Timothy Bowen,19
354,Eric Gray,20
355,Charles Robinson,22
356,Tyler Bell,24
357,Eric Meadows,30
358,Robert Mullins,19
359,Gregory Williams,23
360,Christopher Fletcher,25
361,Julie Walker,30
362,Ashley Chapman,22
363,Sarah Cook,27
364,Gregory Gray,28
365,Mackenzie Young,29
366,Katherine Brooks,30
367,Monica Scott,18
368,Elizabeth Thomas,23
369,Bruce Marshall,26
370,Stephen Moran,18
371,Julie Obrien,22
372,Mary Galloway,30
373,Brent Bennett MD,22
374,Nathan Molina,21
375,John Rodriguez,21
376,Jason Mejia,18
377,Greg Anderson,19
378,Heather Wong,19
379,Kevin Fisher,20
380,Tina Mcintosh,20
381,Matthew Bean,23
382,Sarah Golden,28
383,Katherine Rivers,23
384,Susan Thomas,18
385,Marie Jones,26
386,Cameron Skinner,29
387,Trevor Nicholson,30
388,Kaitlyn Turner,24
389,Karen Lopez,19
390,Eric Boyle,18
391,Stephanie Duncan DVM,26
392,Meredith Jimenez,27
393,Christian Johnson,27
394,Mary Clay,20
395,Dana Fox,24
396,Lori Chambers,20
397,Andrew Johnson,27
398,Joseph Wolfe,20
399,Doris Griffin,26
400,Charles Mckay,30
401,Andrew Hahn,21
402,Nancy White,29
403,Barry Mcdonald,23
404,William Tran,29
405,William Nicholson,30
406,Mark Jenkins,22
407,Laurie Valencia,21
408,Ashley Winters,30
409,Natalie Lewis,26
410,Raymond Palmer,30
411,Linda Hardin DVM,25
412,Mr. Bradley Goodman,26
413,Robert Arnold,19
414,Steven Mcclure,22
415,Annette Sims,20
416,Jason Lindsey,22
417,Jeffery Kelly,24
418,Theresa Schneider,25
419,Mr. Terry Cruz,27
420,Jessica Osborn,23
421,Tamara George,24
422,Heather Gutierrez,21
423,Justin Arias,19
424,Mark Brown,24
425,Kristen Fisher,23
426,Yolanda Wyatt,27
427,Frank Kim,22
428,Christopher Smith,19
429,Kylie Adams,30
430,Miranda Berry,25
431,Amanda Palmer,30
432,Debra Ward,23
433,Mrs. Denise Jenkins,18
434,Blake Maxwell,27
435,Michael Luna,18
436,Karen Orr,21
437,Connor Atkinson,30
438,Hannah Sawyer,19
439,Kim Watts,20
440,Deborah Young,22
441,Paul Johnson,26
442,Jeffrey Johnson,18
443,Jonathan Flores,29
444,Nicole Smith,30
445,Daniel Garcia,24
446,Cristina Little,22
447,Jennifer Singleton,24
448,Wendy Ruiz,25
449,Amber Ramos,22
450,Mark Cline,29
451,Kristen Solomon,22
452,Jason Figueroa,23
453,Matthew Turner,24
454,Courtney Bauer,25
455,Linda Mueller,22
456,Jeffrey Cruz,20
457,Connor Huang,28
458,Nicholas Underwood,30
459,Kenneth Klein,29
460,Shane Walsh,29
461,David Jacobs,23
462,Jack Kelly,20
463,Margaret Ross,23
464,James Cox,29
465,Richard Brown,29
466,Allison Roberts,27
467,Kevin Davis,18
468,Philip Melendez DVM,26
469,Deborah Brown,24
470,Ricardo Graves,19
471,Tonya Martin,20
472,Shannon Rivera,25
473,Jason Johnson,19
474,Michael Zimmerman,24
475,Roy Hawkins,27
476,Heather Wall,29
477,Shawn Smith,19
478,Louis Tucker,22
479,Mr. Gregory Rose,27
480,Seth Bishop,22
481,Danielle Day,29
482,Angela Harrison,27
483,Joshua Williams DVM,23
484,Thomas Meyer,24
485,Brittany Guzman,20
486,Larry Reyes,29
487,Larry Wells,26
488,Natalie Alexander,18
489,Tiffany Daniels,28
490,April Johnson,25
491,Jennifer Lindsey,23
492,Danielle Richards,26
493,Christopher Riley,21
494,Pam Myers,28
495,Heidi Parrish,20
496,Amy Brown,29
497,Cheyenne Freeman,26
498,Pamela Brandt,23
499,Shawn Davis,27
500,Dr. Phillip Cook,20
501,Bryan Warner,22
502,Lindsay Park PhD,21
503,Deborah Miles,19
504,Kevin Garner,22
505,Kristopher Martinez,18
506,Christopher Taylor,19
507,Pamela Miller MD,24
508,Jared Lopez,27
509,Jeffrey Booth,20
510,Seth Wilkerson,27
511,Mr. Stephen Matthews,23
512,Jonathan Smith,30
513,Curtis Franco,19
514,Drew York,27
515,Timothy Vega,25
516,Michael Nunez,22
517,Ernest Cobb,22
518,John Newton,19
519,Jill Adams,18
520,Jessica Mendez,22
521,Teresa Barker,26
522,Jenna Thomas,22
523,Rhonda Trujillo,20
524,Tracey Maddox,26
525,Carolyn Delgado,22
526,Rebecca Green,24
527,Logan Santos,30
528,Lisa Cobb,26
529,Jennifer Kelley,20
530,Kristy Arnold,30
531,Michael Thompson,18
532,Patty Reyes,29
533,Andrew Turner,28
534,Thomas Hunter,30
535,Tracy Bowen DDS,29
536,Aaron Edwards,18
537,David Barry,28
538,Katherine Hernandez,20
539,Brian Morgan,18
540,Natalie Lopez,30
541,Amanda Sandoval,28
542,Kenneth Casey,22
543,Mrs. Erica Smith,21
544,Paul Clayton,25
545,Heather Payne,21
546,Edward Smith,18
547,Rhonda Matthews,19
548,Adam Blair,22
549,Elizabeth Mitchell,18
550,Jacob Johnson,22
551,Randy Henderson,20
552,Christina Barron,27
553,Lisa Ward,18
554,Carolyn Chandler,18
555,Lori Walsh,20
556,David Sheppard,20
557,Nicole Patterson,29
558,Sherry Murphy,18
559,Jessica Hammond,21
560,Daniel Atkins,28
561,William Washington,21
562,Kristi Vega,18
563,Jonathan Miller PhD,28
564,Paul Wright,29
565,Jennifer Barker,26
566,Karen Jones,22
567,Kimberly Lee,19
568,Tara Hurley,26
569,Dawn Brown,25
570,Sean Torres,22
571,Karen Swanson,19
572,Eddie Butler,18
573,Derek Mcguire,19
574,Elizabeth Mccoy,28
575,Kendra Ortega,29
576,Ashley Scott,19
577,Kevin Mcclure,26
578,Wendy Blair,22
579,Charles Wolfe Jr.,19
580,Amy Harmon,28
581,Terrance Pope,26
582,Wayne Leonard,25
583,Joanna Higgins,26
584,Jacob Rodriguez,19
585,Nicole Williams,27
586,Valerie Mcmahon,24
587,Kelly Weaver,28
588,Deborah Anderson,28
589,Veronica Patterson,22
590,Lawrence Lucas,21
591,Nathan Boyd,29
592,Anthony Cook,29
593,Brittany Galloway,27
594,Joseph Smith,26
595,Michael Buchanan,18
596,Wendy Smith,29
597,Gary Bird,26
598,Kyle Dean,26
599,Thomas Parks,27
600,Nicholas King,24
601,Victoria James,20
602,Meghan Zavala,21
603,Nicole Thompson,21
604,Matthew Jenkins,26
605,Christopher Peterson,23
606,David Smith,30
607,Tammy Garcia,18
608,Monique Kelly,22
609,Kimberly Hernandez,20
610,Denise Perry,23
611,Samantha Mcguire,26
612,Jessica Lynch,29
613,Tara Holland,20
614,Bruce Robinson,22
615,Julia Robbins,27
616,Christine Barajas,26
617,Gregory Martin,30
618,Tracy Osborn,23
619,Adrienne Gonzalez,29
620,Michelle Gutierrez,26
621,Jeremy Beck,30
622,Lisa Lopez,28
623,Christine Ware,28
624,Tammy Davis,24
625,Carlos Payne,24
626,Jeffrey Chan,29
627,Brandon Griffin,29
628,Michelle Stein,28
629,Julia Thomas,18
630,Troy Benitez,21
631,Jessica Grant,19
632,Daniel Davis,21
633,Paula Chase,24
634,Jeremy Gilbert,21
635,Jessica Rhodes,25
636,John Hobbs,30
637,Caitlyn Chaney,26
638,Kyle Brown,26
639,David Woods,20
640,Vanessa Brown,21
641,Sarah Hall,28
642,Sara Scott,26
643,Robert Howell,30
644,John Riddle,25
645,Kyle Wagner,29
646,Ethan Day,20
647,Alexis Villanueva,20
648,Mitchell Haney,27
649,Anna Brown,27
650,Crystal Nelson,29
651,Jose Rose,22
652,Holly Smith,29
653,Elizabeth Stephenson,26
654,Sarah Banks,28
655,Cheryl Gonzalez,19
656,Crystal Goodwin,18
657,Deanna Perkins,25
658,Andrea Rodgers PhD,18
659,Daniel Woodard,28
660,Jerry Lewis,22
661,Michael Nelson,26
662,Shawn Drake,23
663,Charles Daniels PhD,30
664,Walter Krause,24
665,Olivia Ellis,25
666,George Mcdaniel,21
667,Elaine Butler,26
668,Tim Garrison Jr.,30
669,Oscar Weiss,23
670,Valerie Lopez,29
671,Kenneth Huerta,24
672,Leah Brown,29
673,Mrs. Melissa Roth DDS,27
674,Daniel Conway,23
675,Vanessa Burns,21
676,Kristen Adams,30
677,Timothy Mills,23
678,Andrea Rogers,22
679,Kevin Copeland,20
680,Erin Charles,23
681,Mark Miller,22
682,Gloria Taylor,24
683,Lauren Olsen,25
684,Bryan Meadows,19
685,Trevor Garrett,21
686,Crystal Thomas,30
687,Laura Malone,30
688,Michael Watts,28
689,Craig Sampson,20
690,Michael West,30
691,Mrs. Julie Valdez PhD,20
692,Christine Ayala,30
693,Debra Trujillo,18
694,Samantha Smith,26
695,Christopher Anderson,23
696,Amy Powell,29
697,Margaret Ingram,20
698,Alicia Nelson,24
699,Benjamin Herman,23
700,Margaret Newman,20
701,Kayla Ritter,23
702,Linda Flores,29
703,Eric Mitchell,21
704,Alexa Williams,18
705,Scott Moore,26
706,Gina Arias,30
707,Michael Taylor,22
708,Glenn Mullins,19
709,Christopher Mueller,21
710,Sarah Davis,19
711,Jennifer Green,27
712,Ryan Patel,27
713,Angela Daniels,22
714,Tiffany King,22
715,Megan Parsons,29
716,Tara Anderson,25
717,Jeremiah Perkins,26
718,Leslie Shepherd,29
719,James Moss,29
720,Elizabeth Orozco,28
721,Steven Simpson,20
722,Jamie Johnson,25
723,Sharon Davis,22
724,Douglas Johnson,29
725,Tammy Burch,20
726,Catherine Chung,19
727,Amy Hansen,20
728,James Blair,27
729,Kari Bennett,30
730,Alexander Byrd,27
731,Mr. Aaron Thomas MD,26
732,Tracy Walsh,29
733,Tracey Collins,28
734,Anthony Underwood,27
735,Jeremy Kent,27
736,Michael Little,21
737,Kenneth Hudson,30
738,Janice Tran,19
739,Ashley Morrow,30
740,Alan Gonzalez,23
741,James Morris,18
742,Oscar Sharp,20
743,Daniel Wagner,29
744,Kenneth Oneill,24
745,Stephen Gardner,18
746,Jason Schmidt,19
747,Ariel Stanley,20
748,Joseph Williams,22
749,David Pierce,18
750,Anthony Simpson,26
751,Keith Robles,23
752,Stephen Morgan,22
753,Brandi Howell,21
754,Nancy Hughes,23
755,Richard Lindsey,25
756,Michael Sellers,18
757,Kelsey Pratt,22
758,Brandy Clark,27
759,Betty Huber,30
760,Mary Randall,18
761,David Williams,28
762,Nicole Patterson,28
763,Timothy Perez,27
764,Erik Mcintyre,30
765,Frank Hines,26
766,Kathleen Davis,26
767,Robert Owens,26
768,Christine Stewart,24
769,Amy Edwards,30
770,Sarah Newman,18
771,Jason Liu,21
772,Jeffrey Taylor,25
773,Jacob Martin,18
774,Lisa Richardson,30
775,Amanda Alvarez,21
776,Amanda Green,21
777,Colleen Bush,20
778,Carl Morrow,23
779,Neil Smith,23
780,Jasmine Mcgee,29
781,Erin Perez,25
782,Jamie Knight,23
783,George Sanchez,20
784,Connor Carson,23
785,Jeffrey Vance,23
786,Joseph Davidson,25
787,Katie Watts,27
788,Chad Mcgrath,19
789,John Hamilton,18
790,Tanya Payne,19
791,Shaun Rivas,25
792,Amanda Gonzalez,23
793,Christopher Holmes,24
794,Michael Chavez,30
795,Chloe Walton,22
796,Joy Pierce,23
797,Steven Ramos,21
798,Charles Compton,26
799,John Lewis,29
800,Robert Roman,24
801,Dr. Jacqueline Carlson,26
802,Sean Murphy,23
803,Robin Armstrong,24
804,Amy Joseph,19
805,Erika Koch,22
806,Jessica Guzman,30
807,Cathy Neal,24
808,James Schmidt,26
809,Scott Morgan,30
810,Mary Navarro,25
811,Austin Arroyo,28
812,Amber Miller,28
813,Mr. James Poole Jr.,25
814,Albert Ross,25
815,Andre Marks,19
816,Gerald Newman,25
817,Christopher Burton,25
818,Elizabeth Webster,23
819,Michael Rogers,23
820,Martin Allen,27
821,Nicholas Reese,28
822,Eric Norris,30
823,Joshua Cole,19
824,David Mills,29
825,Tommy Gross,28
826,Justin Williams,22
827,Jason Neal,21
828,Angela French,18
829,Mary Strickland,18
830,Nicole Decker,29
831,Cynthia Davis,25
832,Jose Carpenter,23
833,Joseph Green,29
834,Heather Huerta,19
835,James Newton,29
836,Diana Kennedy,21
837,Kimberly Clark,26
838,Yolanda Garcia,26
839,Donald Russell,22
840,Mitchell Thomas,22
841,Jeremy Fisher,23
842,Cassandra Turner,30
843,Eric Roach,18
844,Cynthia Garcia,24
845,Natalie Coleman,20
846,Judy Hurley,20
847,William Young,28
848,Lori Horne,28
849,Rachel Pierce,29
850,Crystal Bishop,28
851,Jonathan Edwards,23
852,Vanessa Stewart,20
853,Timothy Matthews,30
854,Miranda Palmer,21
855,Juan Baker,27
856,David Gonzales,19
857,Evan Bryant,30
858,Alfred Cohen,25
859,Francisco Terry,24
860,Rachel Thomas,28
861,Brittney Martinez,29
862,Charles Munoz,22
863,Brooke Martinez,18
864,Sean Murray,19
865,Joshua Wells,18
866,Linda Gutierrez,20
867,Jacob Arnold,25
868,Tonya Fisher,20
869,Allison Watts,19
870,Robin Brandt,24
871,Kayla Francis,28
872,Emily Thompson,22
873,James Byrd,20
874,Alice Olsen,27
875,Omar Hobbs,28
876,Colton Bishop,30
877,Paul Campbell,22
878,Kimberly Greene,25
879,Alexandra Brady,26
880,Michael Davis,18
881,Kimberly Garcia,21
882,Anna Green,27
883,Olivia Morrison DDS,26
884,Mark Blanchard,19
885,Sarah Ochoa,28
886,Jonathon Olson,24
887,Jaime Reyes,23
888,Nicole Johnson,25
889,Melissa Craig,28
890,Kathleen Jones,23
891,Kevin Mcpherson,27
892,Isaiah Rowe,22
893,Ryan Nelson,24
894,John Hampton,30
895,Scott Wallace,20
896,Sarah Taylor,21
897,Robert Roach,21
898,Brooke Ruiz,22
899,Jessica Zimmerman,28
900,Timothy Glover,25
901,Jacob Fleming,24
902,Dr. Sharon Ward DVM,27
903,Jennifer Espinoza,25
904,Joshua Stuart,23
905,Willie Estrada,30
906,Christopher King,18
907,Joseph Thomas,20
908,Dylan Williams,29
909,Summer Buckley,18
910,Nicholas Wright,20
911,Zachary Stokes,19
912,Jeremy Christian,19
913,Steven Alvarado,18
914,Michael Castillo MD,22
915,Briana Edwards,25
916,Kathy Franco,23
917,Donna Smith,28
918,Jeffrey Smith,19
919,Samantha Meza,24
920,Mrs. Amber Thompson DVM,24
921,Nathan Cruz,26
922,Blake Johnson,24
923,Alexandra Mitchell,25
924,Lisa Cross,18
925,Andre Mcmillan,25
926,Jeff Torres,20
927,Michael Harris,26
928,Eduardo Harris,19
929,Rebecca Sexton,22
930,Beverly Alvarez,26
931,Sean Griffin,18
932,Melinda Washington,20
933,Shane Alexander,21
934,Tiffany Gomez,19
935,Denise Ward,25
936,Jeffrey Roberts,22
937,Angela Salazar,28
938,Heather Williams,20
939,Leslie Knight,26
940,Carol Robinson,24
941,Thomas White,27
942,Sara Waters,23
943,Martin Savage,18
944,Laura Rosales,22
945,April Richardson,21
946,Jennifer Moody,26
947,Michael Foster,22
948,Adam Richardson IV,19
949,Jerry Mitchell,29
950,Gary Salazar,29
951,Leslie Davidson,26
952,Perry Davis,30
953,Sherry Moore,29
954,Victor Chavez,21
955,Amy Johnson,23
956,Scott Hamilton,23
957,Richard Brown,29
958,Terri Garcia,21
959,Rhonda Serrano,28
960,Sarah Mills,25
961,Robert Rios,26
962,Jean Mendoza,21
963,Desiree Scott,20
964,Kristy Browning,18
965,Carrie Frederick,23
966,Brent Johnson,28
967,Timothy Donaldson,22
968,Brandon Garza,23
969,Alison Mccormick,29
970,Jennifer Cole,29
971,Sandra Howard,22
972,Kim Mcmahon,18
973,Andrea Harris,25
974,Vanessa Gonzalez,29
975,Kathryn Miller,28
976,Stacy Smith,20
977,Dr. Nicole Harris,25
978,Michael Mason,19
979,Thomas Sanders,25
980,Christopher Bird,23
981,Sean Melton,29
982,Sara Reed,29
983,John Smith,30
984,Christine Holder,24
985,Nicole Wright,25
986,Natasha Galvan,30
987,Tracy Santana,23
988,Tyler May MD,23
989,David King,25
990,Margaret Jones,24
991,Daniel Walker,26
992,Cynthia Wilson,24
993,Beth Taylor,25
994,Christina Williams,20
995,Jordan Hernandez,21
996,Fernando Greene,27
997,Wendy Simpson,29
998,Monique Melendez,24
999,Jason Miller,22
1000,Harold Sutton,21
