ID,Name,Age,Marks
1,Vincent Griffin,28,66
2,Vanessa Ryan,20,69
3,Tyler Wallace,20,66
4,Daniel Carr,27,55
5,Joe Williams,27,87
6,David Johnson,29,79
7,Amy Martinez,19,65
8,Derrick Ferguson,29,97
9,Susan Byrd,23,56
10,Shawn Stanton,27,64
11,Gabriel Oneal,28,80
12,Matthew Baldwin,22,51
13,Charles Nichols,21,67
14,Andrew Kennedy,25,54
15,Kathryn Terry,26,95
16,Ashley Rojas,30,56
17,Jennifer Mack,29,66
18,Nicholas Larson,19,57
19,Ronald Harris,18,95
20,Jonathan Haley,28,73
21,Jacqueline Potter,27,74
22,Alicia Smith,18,69
23,Samantha Norris,22,55
24,Lauren Martinez,27,59
25,Emily Howard,18,75
26,Jeffrey Best,28,94
27,Cindy Fitzgerald,30,99
28,Caitlyn Porter,29,71
29,Heather Jordan,28,91
30,Jennifer Moses,26,59
31,Ricardo Callahan,23,77
32,Samantha Jones,30,60
33,James Lawson,30,86
34,Julie Campbell,24,93
35,Martin Livingston,30,85
36,James Frost,29,63
37,Gloria Mccarthy,24,96
38,Kelly Gardner,25,55
39,Matthew Hughes,25,98
40,Vicki Davis,22,76
41,Sean Calhoun,27,87
42,Megan Smith,21,82
43,Brittany Wolfe,28,79
44,Vickie Lee,23,99
45,Eileen Hopkins,20,92
46,Deborah Snyder,29,64
47,Carol Hays,25,79
48,Sherry Norris,28,68
49,Debra Prince,27,77
50,Johnny Robbins,27,70
51,Eric Juarez,19,91
52,Gregory Kent,20,54
53,Audrey Ferrell,21,74
54,Alicia Patton,19,62
55,Robert Adams,24,64
56,John Russo,25,98
57,Jennifer Ball,22,66
58,Cathy Patel,24,65
59,Maurice Wilson,29,96
60,Jacob Glass MD,24,90
61,Micheal Hawkins,21,89
62,Robert Miller,20,85
63,Kathryn Bond,27,96
64,Matthew Williams,28,88
65,Laurie Kelly,20,81
66,John Johnson,25,76
67,Anthony Brown,28,68
68,Michael Lopez,29,81
69,Sara Davis,20,74
70,Courtney Robinson,25,51
71,Bradley Steele,29,59
72,Melanie Miller,22,62
73,Julie Wheeler,20,98
74,Hannah Schmidt,23,58
75,Brian Johnson,21,76
76,Jessica Blair,21,83
77,Denise White,20,50
78,Brittany Young,21,52
79,Sierra Mcintosh,29,98
80,Susan Torres,29,63
81,Gregory Terry,27,80
82,Richard Alvarado,24,75
83,Barbara Reed,23,52
84,Benjamin Ruiz,19,74
85,Nicole Webb,25,64
86,William Adams,21,85
87,Shirley Murphy,25,95
88,Felicia Lewis,20,56
89,Laura King,19,87
90,Michael Watson,24,95
91,Joseph Woodward,20,57
92,Monica Kaufman,25,96
93,Lauren Wolfe DDS,20,60
94,Todd Medina,21,93
95,Shannon Obrien,20,57
96,Donna Jordan,19,74
97,Jennifer Zhang,28,82
98,Brian Carter,28,62
99,Jeffrey Johnson,27,54
100,Lacey Kerr,18,76
101,Samuel Chung,19,65
102,Mary Williams,30,79
103,Maria Allen,21,80
104,Thomas Burton,29,65
105,Nicole Tran,26,99
106,Steven Nguyen,27,91
107,Zoe Simmons,22,98
108,Robert Nash,29,72
109,Daniel Davis,18,83
110,Jeanette Terry,25,80
111,Melissa Carpenter,20,93
112,Daniel Miller,21,51
113,Lisa Murphy,22,83
114,Stefanie Garza,22,54
115,Laura Thompson DVM,28,81
116,Scott Paul,24,65
117,Alexandra Castillo,26,68
118,Patricia Delgado,29,100
119,Robert Fuller,27,68
120,Alex Fernandez,29,60
121,Amy Wallace,27,86
122,Victoria Phelps,24,69
123,Yesenia Smith,25,73
124,Anthony Smith,19,87
125,Amanda Robertson,28,53
126,Robert Lozano,25,96
127,Stacie Weiss,26,94
128,Rachel Daniels,26,79
129,Jennifer Martin,21,82
130,Anthony Ray,28,58
131,Alexandra Gallagher,29,77
132,Erica Cross,24,50
133,Dennis Jenkins,29,86
134,Stephanie Williams,28,63
135,Kristen Hogan,25,51
136,Manuel Mcdonald,23,60
137,Jon Perez,22,88
138,Sarah Reyes,25,53
139,Amber Hill,19,85
140,Colleen Coleman,22,55
141,Donna Phillips,23,50
142,Keith Mcpherson,19,92
143,Karen Lopez,22,69
144,Christopher Acosta,25,56
145,Ronald Kramer,24,60
146,Stephanie Ortiz,18,95
147,Samuel Lane,20,54
148,Sharon Walls,28,86
149,Michael Ross,30,52
150,David Williams,24,94
151,William Martin,18,72
152,Jeffrey Mccoy,23,88
153,Jay Cooper,19,76
154,Cindy Hernandez,21,86
155,Elizabeth Logan,26,100
156,John Middleton,21,89
157,Sandra Montgomery,25,81
158,Charles Liu,27,51
159,Chad Parks,25,86
160,Sally Newman,26,72
161,Heather Hull,28,79
162,Jacob Hunt,24,55
163,Matthew Fields,28,77
164,Angela Cox,27,75
165,Arthur Bailey,22,63
166,Adam Bean,19,62
167,Cheryl Hendrix,27,58
168,Christina Cooper,30,75
169,Stacey Robinson,30,72
170,Benjamin Ashley,18,63
171,William Clark,28,68
172,Daniel Smith,30,72
173,Marcus Williams,28,78
174,Elijah Mays,22,84
175,Gina Barker,28,63
176,Regina Melendez,30,100
177,Sheila Smith,27,67
178,Kimberly Stone,25,65
179,Darren Herman,28,56
180,Amber Adkins,23,61
181,Tammy Mack,29,65
182,Alicia Ramirez,23,70
183,Joshua Palmer,22,60
184,Ronald Mills,28,98
185,Russell Horton,21,57
186,David Lambert,22,54
187,Steven Mcmillan,27,89
188,Kathryn Leonard,25,71
189,Ian Barnes,30,95
190,Rachel Bailey,30,59
191,Cory Williams,27,60
192,Randy Mcbride,22,65
193,Jessica Mccoy,25,60
194,Kevin Lee,19,87
195,Robert Lester Jr.,23,52
196,David Fitzpatrick,30,78
197,Nicholas Maddox,24,51
198,Ashley Solomon,22,81
199,Lauren Graham,28,57
200,Joshua Cross,28,59
201,Amber Stevens,29,64
202,Alexander Townsend,18,68
203,Donald Johnson,30,61
204,Leslie Ponce,28,98
205,Corey Phillips,23,52
206,Austin Campbell,22,81
207,Mark Taylor,24,64
208,Ronald Davis,26,70
209,Monique King,28,89
210,Wanda Hall,25,50
211,Anthony Mueller,21,87
212,Gregory Gray,30,79
213,Katrina White,21,51
214,Sean Maldonado,24,90
215,Amber Reed,23,92
216,Stacy Simmons,25,74
217,Jeffery Wilson,20,86
218,David Alvarez,19,83
219,Eugene Everett,22,88
220,Charles Brown,25,75
221,James Reilly,22,64
222,Samantha Jones,23,87
223,Nicole Torres,30,60
224,Richard Stanley,20,84
225,Michael Page,27,58
226,Darrell Kim,30,86
227,Jeremy Shepard,20,80
228,Randy Odom,29,55
229,Amy Anderson,23,64
230,Mr. Joshua Shannon,19,59
231,Nancy Wright,21,69
232,Mary Galvan,22,80
233,Justin Sanders,24,88
234,Kristen Chapman,28,75
235,Dawn Andrade,29,62
236,Dwayne Cunningham,25,53
237,Dr. Margaret Juarez DDS,28,60
238,Howard Calderon,29,58
239,Jonathan Cruz,18,63
240,Christine Shepherd,21,62
241,Kristen Evans,22,95
242,Jenny Campbell,23,59
243,Roy Lee,20,77
244,Charles Webster,26,77
245,Cynthia Sanders,26,56
246,Kimberly Combs,26,89
247,George Wolfe,29,96
248,Brian Phillips,29,89
249,Brittany Orr,23,52
250,Andre Murillo,24,62
251,Allison Joseph,29,59
252,Michael Woodward,20,55
253,Nicholas Sullivan,18,76
254,Debra Taylor,29,95
255,Michael Garcia,27,93
256,Thomas Patton,19,62
257,Tara Green,30,60
258,Danny Wall,22,84
259,Michael Haley,20,65
260,Robert Rhodes,19,65
261,Denise Forbes,21,79
262,Justin Allen,24,98
263,Mark Hansen,30,66
264,Rachel Barrett,22,88
265,April Mooney,23,61
266,Douglas Obrien,23,56
267,Deanna Ross,25,78
268,Aaron Jones,18,94
269,Megan Cooley,21,100
270,Jack Hunt,27,54
271,Michael Morales,24,73
272,Michael Hill,26,99
273,Eugene Scott,27,98
274,Brett Hill,29,88
275,Stephanie Little,19,59
276,Jennifer Morris,25,55
277,Christopher Cervantes,26,67
278,Elizabeth Chandler,21,93
279,Katie Johnson,25,90
280,Amanda Robles,20,80
281,Antonio Choi,27,88
282,Bryan Martin,25,57
283,Melissa Hines,28,58
284,Matthew Mcpherson,25,66
285,Mark Mckee,27,55
286,Michael Stephenson,30,83
287,Douglas Carlson,28,86
288,Kenneth Cooke,27,91
289,Tara Randall,30,65
290,Karl Montgomery,20,80
291,Jennifer Reed,23,92
292,Karen Robinson,27,73
293,Jeanette West,19,79
294,Frances Jones,20,84
295,Thomas Lopez,19,58
296,Kristin Bishop,29,76
297,Jose Hill,23,97
298,Hunter Richards,24,65
299,Jerry Johnson,28,87
300,Laura Moore,29,76
301,Jo Copeland,24,58
302,Alexis Salinas,22,63
303,Jon Tucker,20,84
304,Katherine Thomas,21,69
305,Tim Hill,27,71
306,Nicole Williams,25,99
307,Mark Torres,21,77
308,April Robinson,19,86
309,Steven Ruiz,23,92
310,Dr. Jeffrey Patel,22,96
311,Zachary Bowman,25,90
312,Adam Ashley,27,85
313,Tyler Fields,28,99
314,Marissa Wright,22,62
315,Kyle Hubbard,30,68
316,Steven Thornton,20,96
317,Debra Jackson,26,95
318,Nicole Li,27,82
319,Rachel Smith,30,51
320,Rachel Roberts,29,63
321,Jordan Fernandez,30,85
322,Alexis Evans,23,61
323,Thomas Silva,19,87
324,Joan Baird,18,89
325,Natalie Rogers,18,85
326,Adam Sweeney,29,82
327,Terry Crane,24,58
328,Andrew Wilson,27,54
329,Shelley Jones,20,67
330,Mary Ramsey,25,62
331,Joshua Wolfe,19,100
332,Kathryn Herring,29,85
333,Susan Haynes,27,79
334,Grant Duncan,29,74
335,Shannon James,22,84
336,Cory Cunningham,24,59
337,Stephanie Brooks,21,63
338,Justin Martin,22,94
339,Lori Brown PhD,29,92
340,Jeffery Strong,25,89
341,Paul Potter,24,68
342,Nicholas Hernandez,23,50
343,John Carlson,25,82
344,Scott Klein,22,94
345,David Velasquez,28,85
346,Jeremy Mcintosh,22,53
347,Jason Hunter,24,91
348,Jason Ayers,19,98
349,Anthony Berg,23,81
350,Jamie Jackson,20,76
351,Justin Fuller,28,86
352,Eric Moore,30,60
353,Kristy Gallagher,27,83
354,Justin Nielsen,27,100
355,Jessica Roberts,18,78
356,Kevin Hall MD,23,59
357,Ricardo Cortez,18,57
358,Jessica Payne,30,67
359,Shelia Young,23,66
360,Tony Love,27,82
361,Pamela Garcia,28,53
362,Jerry Wood,26,85
363,Rebecca Adams,30,88
364,Pamela Randall,30,62
365,Amanda Wilson,18,53
366,Robert Silva,30,66
367,Jennifer Johnson,26,94
368,Thomas Kelley,25,62
369,Mark Alexander,20,93
370,Kenneth Bryant,29,71
371,Christopher Skinner,18,85
372,Donald Lopez,20,77
373,Andres Smith,30,77
374,Michael Baker,24,68
375,Michelle Nguyen,22,80
376,Sonia Yu,22,89
377,Melissa Garcia,20,51
378,Jessica Reed,30,73
379,Cory Ortiz,22,83
380,Michael Swanson,18,51
381,Mark Martinez,25,86
382,Amy Phillips,30,81
383,Pamela Martinez,29,76
384,Gregory Thomas,21,67
385,Cole Maxwell,19,67
386,Lauren Watson,25,70
387,Amanda Reynolds,29,100
388,Teresa Ross,24,99
389,Kayla Johnson,22,98
390,Brittany Nelson,29,97
391,Vincent Mitchell,25,53
392,Robert Saunders,23,93
393,Sarah Miller,29,56
394,Michael Velazquez,27,56
395,Nicole Chandler,21,93
396,Melissa Perez,28,95
397,James Zamora,19,87
398,Sean Gardner,30,97
399,Kayla Charles,30,61
400,Pamela Adams,28,86
401,Danielle Gallegos,20,62
402,Erin Mccormick,29,59
403,Richard Murphy,27,62
404,Jennifer Lindsey,22,72
405,Angela Briggs,25,89
406,Eric Mullins,27,87
407,Lance Burns,18,70
408,Christopher Bush,20,56
409,Hailey Andrews,26,93
410,Brenda Jones,18,86
411,Anthony Morales,26,71
412,Sarah Duncan,27,59
413,Stephen Moran,18,75
414,Daniel Foster,22,55
415,Nicole Robles,28,77
416,Kathy Thompson,19,77
417,Julie Johnson,28,81
418,Angela Anderson,25,72
419,Sara Russo,25,90
420,Michael Barnett,26,71
421,Deborah Cole MD,20,74
422,Melissa Collins,24,89
423,Gregory Thompson,21,85
424,Bonnie Gill,29,85
425,Jessica Ross,25,84
426,Meredith White,28,71
427,Mario Martinez,19,67
428,Amy Gutierrez,29,74
429,Michelle Smith,23,84
430,Derek Hammond,29,55
431,Jordan Taylor DDS,29,82
432,Keith Bradley,27,52
433,Brandon Norris,27,55
434,Ricardo Hunt,20,88
435,Edward Stone,23,91
436,Nancy Robertson,30,79
437,Lisa Carter,29,61
438,Valerie Garcia,22,55
439,John Griffin,23,95
440,Ryan Holt,20,95
441,Charlene Boyd,25,52
442,Jessica Jackson,28,63
443,Benjamin Cunningham,24,69
444,Mrs. Monica Summers,27,67
445,Mike Gregory,20,87
446,Alexander Green,27,58
447,Jessica Duarte,24,88
448,Colin Jones,19,74
449,Andrea Carroll,28,97
450,Michael Smith,27,60
451,Nicholas Bowen,21,86
452,James Miller,28,75
453,Elizabeth Watkins,30,59
454,Chris Davidson,29,95
455,Erin Hopkins,27,78
456,Kristin Craig,26,58
457,Elizabeth Harvey,20,52
458,Jon Garrison,29,93
459,Janet Davis,21,96
460,Hayden Brewer,20,68
461,Linda Gilbert,24,59
462,Larry Bullock,25,50
463,Bethany Brooks,22,83
464,Debbie Webb,21,80
465,Joseph Pierce,25,99
466,Tina Rangel,25,96
467,Jane Smith,29,63
468,Tony Johnson,21,78
469,Kimberly Robinson,19,63
470,Luke Griffith,19,97
471,Jessica Hawkins,19,93
472,Brandon Martin,24,91
473,Patrick Flores,21,78
474,Marcia Barton,25,65
475,Sheila Nelson,21,56
476,Tracy Little,27,91
477,Edward Hamilton,21,96
478,Heather Fischer,27,56
479,Edward Bishop,18,66
480,Kathryn Mason,29,89
481,Kelly Davis,23,90
482,Judy Edwards,19,57
483,Tracy Dalton,21,78
484,George Owens,23,91
485,Jamie Ruiz,23,81
486,Denise Stone,27,62
487,Thomas David,27,79
488,Regina Hooper,19,92
489,Alison Nelson,27,72
490,Rodney Walton,24,51
491,Michael Ball,28,79
492,David Lopez,20,68
493,Andrew Williams,26,61
494,William Brooks,27,82
495,Dean Horton,25,51
496,Jimmy White,30,54
497,Brian Burns,30,73
498,Benjamin Lloyd,28,75
499,Garrett Harmon,18,85
500,Mary Flores,28,84
501,Luke Flowers,24,69
502,Michele Armstrong,29,57
503,Christine Baker,29,56
504,Jordan Wilkins,24,53
505,Susan Jenkins,29,71
506,Steven Bauer,29,90
507,Mrs. Shari Parrish,19,84
508,Samuel Mann,18,88
509,Crystal Avila,30,96
510,Lacey Petty,23,91
511,Shannon Hensley,30,84
512,Joseph Wright,18,56
513,Deanna Gregory,21,53
514,Mr. Joseph Hampton,19,90
515,David Baker,19,85
516,Brent Crawford,22,52
517,Paul Wilson,22,58
518,Kevin Morrow,27,69
519,Sharon Smith,22,65
520,Jonathan Fuentes,18,50
521,David Patel,20,59
522,Renee Ponce,19,75
523,Kimberly Harris,30,78
524,Mrs. Destiny Hughes DDS,24,56
525,Tiffany Porter,25,79
526,Mr. Christopher Brown,19,93
527,Christopher Hernandez,18,80
528,Terrance Bennett,24,75
529,Todd Hart,26,81
530,Richard Wright,18,87
531,Mary Clark,27,80
532,Cole Griffin,24,59
533,Stephanie Lozano,18,94
534,Edward Wood,20,74
535,David Smith,28,84
536,Mr. Collin Shelton,25,65
537,Phillip Oconnor,27,64
538,Christine Armstrong,19,60
539,Melody Wang,26,99
540,Gerald Soto,24,70
541,Thomas Miller,28,96
542,Steven Evans,18,60
543,Nathan Stone,30,51
544,Melissa Bennett,25,74
545,Tyler Rangel,25,97
546,Terry Morris,23,61
547,Sandra Watts,28,71
548,Derrick Hayes,24,54
549,Kenneth Clark,25,72
550,Mr. Gregory Stevens DDS,29,61
551,Pamela Lee,25,75
552,Kathleen Cowan,23,58
553,Bradley Lucas,18,72
554,Kenneth Black,22,66
555,Paula Bruce,20,66
556,Rachel Hill,30,75
557,Rebecca Davis,21,56
558,Michelle Roy,24,97
559,Martin Kennedy,21,73
560,Raymond Schultz,23,71
561,Stephanie Marsh MD,25,74
562,Michael Crosby,19,70
563,Margaret Ramsey,22,99
564,Charles Frost,30,71
565,Ellen Tapia,23,55
566,Meredith Nelson,20,90
567,Brianna Howard,28,53
568,Rebecca Davis,18,61
569,Theodore Roberts,22,98
570,Clifford Callahan,26,97
571,Timothy Blankenship,27,68
572,Seth Newman,24,57
573,William Medina,27,69
574,Anthony Flores,24,63
575,Janice Wright,21,94
576,Michael Meyer,22,96
577,Thomas Villarreal,22,91
578,Elizabeth Neal,24,99
579,Julie Tanner,29,99
580,Rebecca Blake,29,75
581,Stephanie Downs,30,69
582,Patrick Moore,28,52
583,Matthew Robinson,27,59
584,Kim Moon,25,69
585,Heather Bonilla,28,84
586,Thomas Serrano,27,52
587,Victoria Gallagher,26,81
588,Kim Nelson,21,66
589,Lauren Davis,20,87
590,Jeremy Hester,18,50
591,Nicole Marquez,26,95
592,Barbara Sandoval,18,97
593,Erin Hensley,22,53
594,Victor Jones,28,50
595,Kathy Robertson,30,91
596,James Evans,22,50
597,Marissa Baker,23,82
598,Brandon Stokes,28,69
599,Jason Payne,30,90
600,Jane Wallace,24,51
601,Victoria Stevens,23,78
602,Randy Chambers,28,60
603,Elizabeth Sanchez,23,54
604,Travis Walker,18,50
605,Cheryl Bailey,20,61
606,Rachel Wilson,24,93
607,Jason Humphrey,21,75
608,Julie Baker,19,58
609,Jamie Price,28,88
610,Mikayla Johnston,24,63
611,Edgar Martin,28,55
612,Michael Taylor,21,57
613,Donald Butler,24,88
614,Theresa Taylor,20,56
615,Amber Salas,23,58
616,Darrell Sharp,19,95
617,Andrew Graham,21,58
618,Stuart Jackson,27,89
619,Zoe Jacobs,20,83
620,Tracey Harrell,29,80
621,Elizabeth Villa,26,53
622,April Mitchell,27,53
623,Teresa Hernandez,24,92
624,Justin Martin,28,99
625,Teresa Howell,19,83
626,Teresa Oliver,21,55
627,Deborah Thompson,19,88
628,Erik Garrison,20,57
629,Casey Moore,25,64
630,John Berg,25,81
631,James Spencer,20,91
632,Anthony Yang,25,74
633,Curtis Ross,22,84
634,Brandon Hicks,20,85
635,Michelle Davila,26,57
636,Kimberly Hernandez,29,63
637,Rhonda Shaffer,22,91
638,Ashley Gordon,26,66
639,Gregory Brown,25,66
640,Vanessa Randall,30,72
641,James Skinner,28,57
642,Michael Gonzalez,27,79
643,Spencer Clark,23,52
644,Michael Davis,24,67
645,Christine Marshall,24,55
646,Willie Wall,26,73
647,Elizabeth Schaefer,25,90
648,Stephanie Lee,24,91
649,Michael Hammond,21,100
650,John Taylor,26,56
651,Jared Wilson,23,95
652,Edward Frazier,21,97
653,Mr. Jonathan Armstrong,30,68
654,John Durham,27,55
655,Anna Richardson,30,61
656,William Weiss,30,54
657,Brian Mccarty,28,77
658,Connie Aguirre,24,53
659,Gina Kelly,19,74
660,Kevin Washington,26,100
661,Patricia Maldonado,28,77
662,David Blackwell,20,93
663,Amy Miller,18,52
664,Patrick Harris,18,69
665,Alicia Barton,26,97
666,Gerald Jackson,30,79
667,Elizabeth Oliver,30,66
668,Kelly Garcia,23,90
669,Jodi Roman,26,78
670,Samantha Mcconnell,22,97
671,Bruce Bell,26,86
672,Alexander Schultz,19,91
673,Mr. Kevin Cain PhD,18,84
674,Christina Cook,27,92
675,Thomas Nichols,23,60
676,Crystal Underwood,29,76
677,Thomas Lee,22,54
678,Heather Wilson,30,89
679,Tara Higgins,27,57
680,Steven Meyers,18,98
681,Shaun Garcia,20,59
682,Jillian Allen,24,54
683,George Kelly,20,90
684,Brenda Hall,26,65
685,Jennifer Herrera,24,67
686,Joseph Robles,27,87
687,Peter Keller,26,90
688,Michael Lopez,18,73
689,Nicholas Andrews,29,77
690,Zachary Young,29,94
691,Anne Blake,29,62
692,Mr. Kevin Moran,20,79
693,Timothy Clark,21,57
694,Corey Walker,27,100
695,Jacob Myers,25,80
696,Kevin Miller,25,87
697,Melissa Knox,29,65
698,Jose Mitchell,30,75
699,Renee Dickerson,22,86
700,Gregory Rhodes,24,78
701,John Flores,27,54
702,Danielle Rodriguez,26,67
703,Martin King,30,95
704,April Hernandez,24,54
705,Anthony Fisher,22,72
706,John Smith,29,62
707,Jacob Olsen,19,60
708,Julie Beard,18,85
709,Randy Calhoun,28,83
710,Anna Martin,20,58
711,Kyle Rich,28,61
712,Christopher Sloan,20,89
713,Dorothy Martinez,18,70
714,Ariana Lopez,19,71
715,Jason Garza,24,78
716,Julie Becker,21,94
717,Jimmy Page,19,88
718,Karen Austin,22,53
719,Kelly Case,29,75
720,James Parker,27,99
721,Christina Waters,19,76
722,Thomas Davis,25,54
723,Jake Clarke,19,69
724,Brandy Rivera,22,94
725,Sharon Vaughn,21,97
726,Scott Sutton,20,82
727,Elizabeth Elliott,30,84
728,Victor Beard,18,84
729,Susan Estrada,30,73
730,John Spencer,19,89
731,Matthew Soto,19,77
732,Jade Davis,20,83
733,Ricky Ruiz,19,98
734,Ashley Hinton,28,89
735,Christina Gutierrez,23,89
736,Douglas Byrd,18,57
737,Sean Solis,23,92
738,Brittney Smith,29,97
739,Cynthia Silva,25,86
740,Claire Cain,28,81
741,Stephanie James,29,56
742,Valerie Snyder,30,59
743,Courtney Ruiz,21,94
744,Charles Adams,25,56
745,David Hancock,30,87
746,Maureen Ramos,26,52
747,Christina Smith,20,50
748,Mason Fernandez,22,70
749,Brittany Brown,30,71
750,Michael Brown,23,55
751,Rebecca Nielsen,23,94
752,Travis Campbell MD,25,93
753,Christopher Mathews,19,66
754,Jennifer Barron,19,56
755,James Castro,22,65
756,Johnny Porter,23,96
757,James Martin,23,66
758,Michael Smith,30,71
759,Jean Benson,24,59
760,Robert Gomez,25,56
761,Brian Grant,27,73
762,Jimmy Berry,19,85
763,Karen Herrera,29,68
764,Rachel Schroeder,20,85
765,Tony Strickland,27,74
766,Sarah Wallace,29,95
767,Joshua Harris,24,55
768,Natalie Baker,23,91
769,Connie Simon,29,63
770,Sherri Thompson,24,78
771,Theresa Oneill,29,67
772,Robert Carrillo,18,83
773,Donald Miller MD,23,99
774,Steven Thomas,25,72
775,Heather Spencer,22,87
776,Melissa Mcintyre,18,50
777,Aaron Mendoza,20,86
778,Dana Becker,20,100
779,Edward Mills,26,63
780,Suzanne Duke,25,50
781,Alfred Pacheco,25,69
782,Audrey Soto,19,63
783,Victor Ritter,25,80
784,James Sanchez,21,81
785,Christine Martin,24,56
786,April Harper,29,75
787,Adriana Reid,25,68
788,Kimberly Reyes,29,77
789,John Brown,25,57
790,Chase Norman,20,77
791,Kathryn Allen,20,82
792,Scott Scott,21,62
793,Dr. Shannon Shields DVM,18,88
794,Daniel Lopez,19,93
795,Claudia Skinner,28,74
796,Michael Salazar,23,96
797,Robert Dawson,19,56
798,Ronald Graham,28,62
799,Jose Guzman,30,58
800,Michelle Wilson,19,58
801,Aaron Williams,25,79
802,Melissa Patterson,19,67
803,Eileen Garrett,22,100
804,Cory Hernandez,23,79
805,Timothy Brandt,30,67
806,Maureen Smith,27,88
807,Cynthia Graham,19,55
808,Daniel Coleman,29,60
809,Philip Beck,25,78
810,Jose Jackson,28,84
811,John Moreno,25,70
812,Ellen Barrett,24,72
813,Kathy Wong,22,80
814,Beth Rodriguez,24,81
815,Daniel Booth,19,59
816,Dylan Waters,25,92
817,Savannah Morgan,23,57
818,Jeffrey Johnson,30,54
819,Michael Patterson,25,93
820,Christopher Watson,30,94
821,Anita Holland,19,98
822,David Vazquez,28,52
823,Michael Allen,21,70
824,Ann Morse,19,85
825,Peter Foster,23,64
826,Amanda Sandoval,21,96
827,Chelsea Carlson,25,68
828,Sherri Murray,24,67
829,Lisa Hernandez,21,57
830,Elizabeth Gardner,23,74
831,Brian Nichols,27,50
832,Lori Hart,29,67
833,Michael Gonzalez,26,67
834,Andrew Taylor,22,84
835,Bobby Shah,19,92
836,Lindsay Johnson,27,93
837,Stephen Jones,23,90
838,Jeremy Bates,25,55
839,Derek Pacheco,25,67
840,Henry Miller,26,93
841,Daniel Johnson,18,75
842,Joel Arnold DDS,26,59
843,Laura Brooks,19,82
844,James Smith,27,59
845,Steven Myers,25,69
846,Willie Aguilar,21,91
847,Christopher King,21,98
848,Rebecca Mendoza,28,57
849,Michael Morrow,18,87
850,Tracy Bowers,23,96
851,Teresa Gill,30,65
852,Carolyn Lambert,18,97
853,John Miller,29,58
854,Elizabeth Estrada,22,53
855,Emily Perez,24,99
856,Tiffany Heath,22,53
857,Dana Elliott,18,81
858,Susan Pham,22,97
859,Jennifer Patrick,18,91
860,Kimberly Taylor,24,72
861,Brandon Valdez,25,82
862,Angel Cruz,23,56
863,Mallory Wilson,23,66
864,David Chavez,28,84
865,Amanda Brown,30,56
866,Tara Valdez,23,66
867,Andrea Obrien,25,83
868,James Martinez,20,80
869,Gabrielle Sloan,30,100
870,Cynthia Smith,26,51
871,Zachary Klein,28,98
872,Stephen Nguyen,19,84
873,Samuel Lowe,20,92
874,Frederick Kent,19,68
875,William Miller,18,87
876,Joel White,26,98
877,Perry Bradley,29,53
878,Dawn Whitaker,18,92
879,Erika Marshall,27,96
880,Ricky Brown,28,88
881,Theresa Wright,29,95
882,Elizabeth Garcia,25,52
883,Shawn Gonzales,28,56
884,William Guerra,19,74
885,Lindsay Johnson,29,71
886,Maria Conrad,22,53
887,Kevin Lee,29,82
888,Amber Peterson,27,68
889,Alicia Clark,18,88
890,Bryan Haynes,21,50
891,Thomas Graham,21,99
892,David Flores,22,93
893,Kelly Beck,30,93
894,Rebecca Porter,21,94
895,Henry Young,28,82
896,William Smith,23,57
897,Melanie Randall,24,54
898,Rebecca Ramirez DVM,28,71
899,Valerie Carlson,24,54
900,James Johnson,18,73
901,Nicholas Hamilton,19,81
902,Amanda Ellis,28,70
903,Jordan Flores MD,29,64
904,Joshua Davis,19,94
905,Curtis Perkins,20,58
906,John Fox,25,55
907,Jim Weeks,27,52
908,Julie Palmer,28,75
909,Gina Mills,28,98
910,Rebecca Torres,29,75
911,Robert Jones,28,90
912,Melissa Weber,27,93
913,Jessica Leonard,18,80
914,David Wright,27,88
915,Randy Conrad,24,95
916,Autumn Wiley,19,78
917,Kyle Mann,23,91
918,Anthony Herring,27,90
919,Ashley Underwood,28,83
920,Amanda Evans,29,96
921,Kayla Gibbs,28,96
922,Kevin Willis,18,89
923,Kenneth Dennis,27,72
924,Mitchell Holt,25,86
925,Thomas Hardy,20,50
926,Miranda Rhodes,23,78
927,Sheri Boyer,22,59
928,Edward Robinson,19,88
929,Carlos Anderson,29,76
930,Timothy Navarro,26,72
931,Michael Kelly,24,58
932,Heather Abbott,27,92
933,Charlotte Cooper,24,75
934,Benjamin Duran,19,66
935,John Ellison,28,58
936,Heidi Cannon,23,72
937,Gary Harris,19,80
938,Sharon Jones,19,96
939,Jennifer Brown,21,58
940,Mr. Samuel Perry,24,51
941,Todd Brooks,19,65
942,Curtis Horton,25,91
943,Sandra Burke,20,83
944,Valerie Buchanan,24,52
945,John White,18,66
946,Steven Kennedy,20,76
947,Steven Gonzalez,29,55
948,Michele Mahoney,23,81
949,Adriana Collins,26,71
950,Brandi Mccoy,23,54
951,Shari Aguilar,22,78
952,Tyler Baldwin MD,30,96
953,Bradley Wright,26,79
954,Robert Mckee,29,65
955,Michael Townsend,18,94
956,Michael Williams,20,90
957,Sandra Ruiz,21,55
958,Anne Peterson,25,74
959,Rachel Crawford,27,100
960,Douglas Ellis,27,86
961,Lauren Williams,22,76
962,Earl Vaughan,28,82
963,Brian Welch,23,74
964,Deborah Collins,30,94
965,Angela Osborne,18,64
966,Mrs. Jessica Snyder,26,92
967,William King,22,58
968,Emily Baker,22,76
969,Mary Thornton,29,78
970,Andrea Stone,28,77
971,Sean Wright,29,97
972,Amanda Hall,25,66
973,Janice Miller,21,90
974,Darrell Simmons,21,99
975,Brian Palmer,21,72
976,Devin Gibson,30,97
977,Lauren Thomas,30,64
978,Paula Quinn,29,97
979,Paul Newman,29,52
980,Samantha Brown,19,60
981,Lee Martin,24,96
982,Joe Roberts,23,75
983,Brandon Jordan,25,89
984,Theodore Mitchell,29,96
985,Manuel Manning,27,71
986,Sandra Poole,28,59
987,Melissa Bryant,28,50
988,Jason Lindsey,30,73
989,Jennifer Riddle,21,72
990,Cindy Jacobs,28,75
991,Lindsey Bowman,27,100
992,Nancy Martin,20,61
993,April Lopez,22,87
994,Dawn Zuniga,29,83
995,Lisa Thomas,20,76
996,Lindsay Becker,25,79
997,Samantha Ryan,22,82
998,Victor Harris,25,79
999,Latasha Martin,27,74
1000,Shelby Anderson,27,59
